"Model", "SliceNo"
"-f", "-sn"
"../models/c/locks/locks10_true.c", "0"
"../models/c/locks/locks10_true.c", "1"
"../models/c/locks/locks10_true.c", "2"
"../models/c/locks/locks10_true.c", "3"
"../models/c/locks/locks10_true.c", "4"
"../models/c/locks/locks10_true.c", "5"
"../models/c/locks/locks10_true.c", "6"
"../models/c/locks/locks10_true.c", "7"
"../models/c/locks/locks10_true.c", "8"
"../models/c/locks/locks10_true.c", "9"
"../models/c/locks/locks11_true.c", "0"
"../models/c/locks/locks11_true.c", "1"
"../models/c/locks/locks11_true.c", "2"
"../models/c/locks/locks11_true.c", "3"
"../models/c/locks/locks11_true.c", "4"
"../models/c/locks/locks11_true.c", "5"
"../models/c/locks/locks11_true.c", "6"
"../models/c/locks/locks11_true.c", "7"
"../models/c/locks/locks11_true.c", "8"
"../models/c/locks/locks11_true.c", "9"
"../models/c/locks/locks11_true.c", "10"
"../models/c/locks/locks14_false.c", "0"
"../models/c/locks/locks14_false.c", "1"
"../models/c/locks/locks14_false.c", "2"
"../models/c/locks/locks14_false.c", "3"
"../models/c/locks/locks14_false.c", "4"
"../models/c/locks/locks14_false.c", "5"
"../models/c/locks/locks14_false.c", "6"
"../models/c/locks/locks14_false.c", "7"
"../models/c/locks/locks14_false.c", "8"
"../models/c/locks/locks14_false.c", "9"
"../models/c/locks/locks14_false.c", "10"
"../models/c/locks/locks14_false.c", "11"
"../models/c/locks/locks14_false.c", "12"
"../models/c/locks/locks14_false.c", "13"
"../models/c/locks/locks14_false.c", "14"
"../models/c/locks/locks14_false.c", "15"
"../models/c/locks/locks15_false.c", "0"
"../models/c/locks/locks15_false.c", "1"
"../models/c/locks/locks15_false.c", "2"
"../models/c/locks/locks15_false.c", "3"
"../models/c/locks/locks15_false.c", "4"
"../models/c/locks/locks15_false.c", "5"
"../models/c/locks/locks15_false.c", "6"
"../models/c/locks/locks15_false.c", "7"
"../models/c/locks/locks15_false.c", "8"
"../models/c/locks/locks15_false.c", "9"
"../models/c/locks/locks15_false.c", "10"
"../models/c/locks/locks15_false.c", "11"
"../models/c/locks/locks15_false.c", "12"
"../models/c/locks/locks15_false.c", "13"
"../models/c/locks/locks15_false.c", "14"
"../models/c/locks/locks15_false.c", "15"
"../models/c/locks/locks15_false.c", "16"
"../models/c/ssh/ssh1_false.c", "0"
"../models/c/ssh/ssh1_true.c", "0"
"../models/c/eca/eca-problem1-label00_true.c", "0"
"../models/c/eca/eca-problem1-label20_false.c", "0"
"../models/c/eca/eca-problem2-label08_true.c", "0"
"../models/c/eca/eca-problem2-label44_false.c", "0"